test_idx,y_true,p_real,p_null,seq_delta,variant_type,mol_csq
5489,1,0.556792,0.561849,-0.005056,single nucleotide variant,nonsense
2484,0,0.006508,0.424067,-0.417559,single nucleotide variant,intron variant
1947,1,0.99885,0.998872,-2.2e-05,Insertion,intron variant|frameshift variant
1124,1,0.997949,0.997947,2e-06,Deletion,frameshift variant|intron variant
3344,1,0.999206,0.999221,-1.5e-05,Duplication,frameshift variant
3038,0,0.007949,0.56241,-0.554461,single nucleotide variant,intron variant
665,1,0.421831,0.423977,-0.002146,single nucleotide variant,nonsense|non-coding transcript variant
2166,1,0.425064,0.424046,0.001018,single nucleotide variant,nonsense|intron variant
5871,1,0.999269,0.999268,1e-06,Deletion,frameshift variant
3270,1,0.565172,0.562251,0.002922,single nucleotide variant,nonsense
586,0,0.006445,0.423968,-0.417524,single nucleotide variant,intron variant
1592,1,0.967817,0.999251,-0.031434,Indel,frameshift variant|intron variant
944,1,0.997654,0.997646,8e-06,Deletion,frameshift variant|intron variant
4688,1,0.998709,0.998737,-2.9e-05,Duplication,frameshift variant
595,1,0.994992,0.995412,-0.00042,Deletion,frameshift variant|non-coding transcript variant
2928,0,0.004305,0.562452,-0.558147,single nucleotide variant,intron variant
859,1,0.912129,0.997766,-0.085637,Deletion,frameshift variant|non-coding transcript variant
3120,1,0.521773,0.562333,-0.04056,single nucleotide variant,splice donor variant
3863,1,0.999398,0.999402,-4e-06,Duplication,frameshift variant
4197,1,0.999258,0.999269,-1.1e-05,Deletion,frameshift variant
5784,0,0.005441,0.561677,-0.556235,single nucleotide variant,intron variant
3167,0,0.013891,0.562318,-0.548427,single nucleotide variant,intron variant
471,0,0.096044,0.423943,-0.327899,single nucleotide variant,intron variant
33,1,0.424642,0.423858,0.000784,single nucleotide variant,nonsense|3 prime UTR variant|non-coding transcript variant
3456,1,0.998659,0.99871,-5.1e-05,Microsatellite,frameshift variant
914,1,0.997848,0.998565,-0.000717,Indel,frameshift variant|intron variant
4594,1,0.561812,0.56215,-0.000338,single nucleotide variant,nonsense
5400,0,0.502404,0.561912,-0.059508,single nucleotide variant,missense variant
760,0,0.414867,0.424,-0.009133,single nucleotide variant,synonymous variant
1137,1,0.425653,0.424037,0.001616,single nucleotide variant,nonsense|intron variant
5888,1,0.56177,0.561626,0.000144,single nucleotide variant,nonsense
2954,1,0.200818,0.562427,-0.361608,single nucleotide variant,nonsense
4646,0,0.522043,0.562149,-0.040105,single nucleotide variant,missense variant
3632,0,0.553787,0.562196,-0.00841,single nucleotide variant,synonymous variant
700,1,0.388734,0.423977,-0.035244,single nucleotide variant,nonsense|non-coding transcript variant
1346,1,0.997894,0.997924,-2.9e-05,Deletion,frameshift variant|intron variant
1176,1,0.922746,0.924152,-0.001406,Deletion,frameshift variant|intron variant
2621,0,0.423797,0.424088,-0.000291,single nucleotide variant,intron variant
5272,1,0.997604,0.998425,-0.000822,Deletion,frameshift variant
767,1,0.998662,0.99894,-0.000278,Duplication,frameshift variant|non-coding transcript variant
2245,1,0.997752,0.997888,-0.000136,Deletion,frameshift variant|intron variant
5932,1,0.999354,0.999362,-8e-06,Duplication,frameshift variant
4888,1,0.999433,0.999423,1e-05,Duplication,
4627,1,0.999274,0.999276,-1e-06,Deletion,frameshift variant
1857,1,0.424156,0.424043,0.000113,single nucleotide variant,intron variant|nonsense
4361,1,0.560403,0.56216,-0.001756,single nucleotide variant,nonsense
1134,1,0.998207,0.998207,0.0,Duplication,frameshift variant|intron variant
2440,1,0.970791,0.997736,-0.026945,Deletion,frameshift variant|non-coding transcript variant
2370,1,0.994621,0.995408,-0.000787,Deletion,frameshift variant|5 prime UTR variant|intron variant
1580,1,0.999165,0.999176,-1.1e-05,Insertion,frameshift variant|intron variant
3483,1,0.999262,0.999261,1e-06,Indel,frameshift variant
4626,1,0.999362,0.999363,-1e-06,Duplication,frameshift variant
2844,1,0.994105,0.997762,-0.003658,Deletion,frameshift variant|5 prime UTR variant|non-coding transcript variant
5716,1,0.551407,0.561739,-0.010332,single nucleotide variant,nonsense
6107,1,0.99899,0.999362,-0.000372,Duplication,frameshift variant
4315,1,0.564397,0.562163,0.002234,single nucleotide variant,nonsense
3279,1,0.566514,0.56225,0.004263,single nucleotide variant,nonsense
4879,1,0.999182,0.999175,7e-06,Deletion,frameshift variant
4700,1,0.998742,0.99889,-0.000148,Deletion,frameshift variant
602,1,0.99822,0.998534,-0.000313,Indel,frameshift variant|non-coding transcript variant
5706,1,0.506442,0.561744,-0.055303,single nucleotide variant,nonsense
1075,1,0.998919,0.999006,-8.7e-05,Insertion,frameshift variant|intron variant
63,1,0.998592,0.998642,-5e-05,Duplication,frameshift variant|3 prime UTR variant|non-coding transcript variant
5073,0,0.005586,0.562107,-0.556521,single nucleotide variant,intron variant
4472,1,0.998406,0.998409,-2e-06,Deletion,frameshift variant
4257,1,0.998413,0.998409,4e-06,Deletion,frameshift variant
45,1,0.997913,0.997931,-1.9e-05,Deletion,frameshift variant|3 prime UTR variant|non-coding transcript variant
5421,0,0.005973,0.561891,-0.555918,single nucleotide variant,intron variant
4649,1,0.999051,0.999175,-0.000124,Deletion,frameshift variant
2416,1,0.99788,0.997924,-4.3e-05,Deletion,frameshift variant|non-coding transcript variant
1823,1,0.996868,0.99696,-9.2e-05,Deletion,frameshift variant|intron variant
4644,1,0.998634,0.99871,-7.6e-05,Microsatellite,frameshift variant
4062,1,0.257211,0.562174,-0.304962,single nucleotide variant,nonsense
5594,1,0.910442,0.999174,-0.088733,Deletion,frameshift variant
6255,0,0.544824,0.561373,-0.016549,single nucleotide variant,missense variant
2819,0,0.007679,0.424161,-0.416483,single nucleotide variant,intron variant
3100,1,0.188009,0.999176,-0.811166,Deletion,frameshift variant
1220,1,0.999238,0.999251,-1.2e-05,Indel,frameshift variant|intron variant
1384,1,0.998755,0.998939,-0.000184,Duplication,frameshift variant|intron variant
3091,0,0.00434,0.562339,-0.557999,single nucleotide variant,intron variant
3153,1,0.510332,0.562328,-0.051996,single nucleotide variant,nonsense
2605,1,0.885521,0.886647,-0.001126,Duplication,frameshift variant|non-coding transcript variant
638,0,0.170056,0.423969,-0.253913,single nucleotide variant,missense variant|non-coding transcript variant
849,1,0.952407,0.998925,-0.046518,Duplication,frameshift variant|non-coding transcript variant
5431,0,0.006177,0.561874,-0.555697,single nucleotide variant,intron variant
2578,1,0.997536,0.997548,-1.1e-05,Deletion,frameshift variant|non-coding transcript variant
5026,1,0.998661,0.999246,-0.000585,Deletion,frameshift variant
5247,1,0.999236,0.99925,-1.4e-05,Insertion,frameshift variant
817,0,0.006463,0.424016,-0.417553,single nucleotide variant,intron variant
755,0,0.424995,0.424,0.000995,single nucleotide variant,missense variant|non-coding transcript variant
2422,1,0.998909,0.998939,-3e-05,Duplication,frameshift variant|non-coding transcript variant
1085,1,0.99786,0.997924,-6.4e-05,Deletion,frameshift variant|intron variant
4592,1,0.998435,0.998409,2.7e-05,Deletion,frameshift variant
3566,0,0.017128,0.562237,-0.54511,single nucleotide variant,missense variant
6005,0,0.004403,0.561616,-0.557212,single nucleotide variant,intron variant
3431,1,0.999421,0.999421,0.0,Indel,
1978,1,0.92456,0.924133,0.000427,Deletion,frameshift variant|intron variant
2924,1,0.004304,0.562461,-0.558157,single nucleotide variant,splice donor variant|intron variant
1474,1,0.998876,0.998939,-6.3e-05,Duplication,frameshift variant|intron variant
1272,1,0.425906,0.424038,0.001868,single nucleotide variant,intron variant|nonsense
2101,1,0.381704,0.424045,-0.042342,single nucleotide variant,nonsense|intron variant
5549,1,0.997842,0.997838,4e-06,Duplication,nonsense
5891,1,0.999166,0.999174,-7e-06,Deletion,frameshift variant
675,1,0.99859,0.998809,-0.000219,Indel,frameshift variant|non-coding transcript variant
1246,1,0.998951,0.998939,1.2e-05,Duplication,intron variant|frameshift variant
1916,1,0.425745,0.435068,-0.009322,Deletion,frameshift variant|intron variant
6209,0,0.55118,0.561394,-0.010215,single nucleotide variant,missense variant
6140,1,0.998386,0.998406,-2.1e-05,Deletion,frameshift variant
4630,1,0.55066,0.562149,-0.01149,single nucleotide variant,nonsense
3181,1,0.976822,0.998967,-0.022146,Deletion,frameshift variant
309,0,0.006648,0.423921,-0.417274,single nucleotide variant,intron variant
2435,1,0.998683,0.999019,-0.000337,Insertion,frameshift variant|non-coding transcript variant
4817,1,0.999258,0.999269,-1.1e-05,Deletion,frameshift variant
1404,1,0.997492,0.997549,-5.7e-05,Deletion,frameshift variant|nonsense|intron variant
2209,1,0.998283,0.998347,-6.4e-05,Duplication,frameshift variant|nonsense|intron variant
5658,0,0.00508,0.561753,-0.556673,single nucleotide variant,intron variant
5376,1,0.999168,0.999175,-6e-06,Deletion,frameshift variant
6089,0,0.114869,0.999174,-0.884304,Deletion,intron variant
6196,0,0.022072,0.561395,-0.539323,single nucleotide variant,missense variant
5886,1,0.998547,0.998539,7e-06,Duplication,frameshift variant
3842,1,0.187288,0.562185,-0.374897,single nucleotide variant,nonsense
196,0,0.006468,0.423885,-0.417417,single nucleotide variant,intron variant
4822,1,0.997033,0.999363,-0.00233,Duplication,frameshift variant
17,0,0.318508,0.340302,-0.021794,Deletion,3 prime UTR variant|non-coding transcript variant
5570,1,0.998965,0.998953,1.2e-05,Deletion,frameshift variant
2426,1,0.981347,0.997549,-0.016202,Deletion,frameshift variant|nonsense|non-coding transcript variant
4730,1,0.999418,0.999423,-5e-06,Duplication,frameshift variant
4055,1,0.996373,0.999276,-0.002903,Deletion,frameshift variant
587,1,0.006445,0.423969,-0.417524,single nucleotide variant,intron variant
213,0,0.006457,0.423894,-0.417437,single nucleotide variant,intron variant
4401,1,0.998873,0.99889,-1.7e-05,Deletion,nonsense
2830,1,0.995412,0.999176,-0.003764,Insertion,frameshift variant|5 prime UTR variant|non-coding transcript variant
2386,1,0.998471,0.998925,-0.000454,Duplication,frameshift variant|5 prime UTR variant|intron variant
627,1,0.39566,0.423969,-0.028309,single nucleotide variant,nonsense|non-coding transcript variant
2308,1,0.998743,0.998872,-0.000129,Insertion,frameshift variant|intron variant
2257,1,0.998226,0.998565,-0.000339,Indel,frameshift variant|intron variant
3576,0,0.006027,0.562233,-0.556206,single nucleotide variant,intron variant
3565,1,0.999173,0.999175,-2e-06,Deletion,frameshift variant
1037,1,0.997963,0.998072,-0.000109,Deletion,frameshift variant|intron variant
1828,1,0.419402,0.424043,-0.004641,single nucleotide variant,nonsense|intron variant
759,1,0.993806,0.99789,-0.004084,Deletion,frameshift variant|non-coding transcript variant
1318,1,0.83963,0.83836,0.00127,Microsatellite,frameshift variant|nonsense|intron variant
2999,0,0.525287,0.562425,-0.037138,single nucleotide variant,missense variant
4807,1,0.999175,0.999175,0.0,Deletion,frameshift variant
1374,1,0.997912,0.997924,-1.1e-05,Deletion,frameshift variant|intron variant
4690,1,0.998741,0.99878,-4e-05,Duplication,nonsense
6016,0,0.004301,0.561593,-0.557292,single nucleotide variant,intron variant
305,0,0.006647,0.42392,-0.417273,single nucleotide variant,intron variant
1313,1,0.425926,0.424038,0.001888,single nucleotide variant,nonsense|intron variant
103,0,0.008277,0.423867,-0.41559,single nucleotide variant,intron variant
3080,0,0.004303,0.562345,-0.558042,single nucleotide variant,intron variant
14,0,0.425978,0.423853,0.002125,single nucleotide variant,3 prime UTR variant|non-coding transcript variant
3860,1,0.998872,0.99889,-1.9e-05,Deletion,frameshift variant
3509,1,0.996382,0.999175,-0.002794,Deletion,frameshift variant
4308,1,0.998982,0.999204,-0.000222,Duplication,frameshift variant
5542,1,0.552127,0.561841,-0.009714,single nucleotide variant,nonsense
2448,1,0.075274,0.424048,-0.348775,single nucleotide variant,nonsense|non-coding transcript variant
3850,1,0.999003,0.999279,-0.000276,Duplication,frameshift variant
1261,1,0.99751,0.997551,-4e-05,Deletion,nonsense|intron variant
2560,1,0.007874,0.424085,-0.416211,single nucleotide variant,splice donor variant|intron variant
2050,1,0.99893,0.998939,-9e-06,Duplication,frameshift variant|intron variant
3975,1,0.999383,0.999402,-1.9e-05,Duplication,frameshift variant
3828,1,0.998184,0.998171,1.4e-05,Deletion,nonsense
3365,1,0.999138,0.999175,-3.8e-05,Deletion,frameshift variant
4022,1,0.99915,0.999175,-2.5e-05,Deletion,frameshift variant
6197,1,0.633755,0.998531,-0.364776,Deletion,frameshift variant
3308,1,0.565575,0.562249,0.003326,single nucleotide variant,nonsense
628,1,0.244677,0.423969,-0.179292,single nucleotide variant,nonsense|non-coding transcript variant
2522,1,0.983256,0.997765,-0.014509,Deletion,frameshift variant|non-coding transcript variant
4356,1,0.998874,0.99889,-1.6e-05,Deletion,frameshift variant
3903,1,0.993245,0.993351,-0.000106,Microsatellite,frameshift variant
1195,1,0.997995,0.998047,-5.1e-05,Deletion,frameshift variant|intron variant
809,0,0.006462,0.424009,-0.417546,single nucleotide variant,intron variant
5391,1,0.559968,0.561913,-0.001944,single nucleotide variant,nonsense
1933,0,0.423705,0.424044,-0.000338,single nucleotide variant,missense variant|intron variant
908,1,0.998389,0.998969,-0.00058,Insertion,frameshift variant|nonsense|intron variant
4107,1,0.552673,0.562172,-0.0095,single nucleotide variant,nonsense
3203,1,0.051253,0.56227,-0.511017,single nucleotide variant,nonsense
5708,0,0.530681,0.561744,-0.031064,single nucleotide variant,intron variant
5943,1,0.997935,0.997955,-2.1e-05,Deletion,frameshift variant
577,0,0.006623,0.423965,-0.417342,single nucleotide variant,intron variant
2239,0,0.416051,0.424047,-0.007996,single nucleotide variant,missense variant|intron variant
1626,1,0.423682,0.424041,-0.000359,single nucleotide variant,nonsense|intron variant
2059,1,0.995639,0.997888,-0.002249,Deletion,frameshift variant|intron variant
2100,1,0.997523,0.997888,-0.000365,Deletion,frameshift variant|intron variant
3948,1,0.999077,0.999175,-9.8e-05,Deletion,frameshift variant
4777,1,0.998871,0.99889,-1.9e-05,Deletion,frameshift variant
550,1,0.39768,0.423956,-0.026277,single nucleotide variant,nonsense|non-coding transcript variant
424,1,0.121558,0.423943,-0.302384,single nucleotide variant,nonsense|non-coding transcript variant
2144,1,0.997947,0.997924,2.3e-05,Deletion,frameshift variant|intron variant
5613,0,0.004631,0.993662,-0.989031,Duplication,intron variant
772,1,0.424298,0.424,0.000298,single nucleotide variant,nonsense|non-coding transcript variant
141,1,0.500079,0.997931,-0.497852,Deletion,frameshift variant|non-coding transcript variant|intron variant
4273,1,0.997793,0.997788,5e-06,Deletion,frameshift variant
5494,0,0.56187,0.561848,2.2e-05,single nucleotide variant,intron variant
3700,1,0.998392,0.99837,2.1e-05,Deletion,frameshift variant
5106,1,0.931083,0.998408,-0.067326,Deletion,frameshift variant
2327,1,0.424045,0.424047,-3e-06,single nucleotide variant,nonsense|intron variant
4360,1,0.998927,0.998954,-2.7e-05,Deletion,frameshift variant
3840,0,0.397558,0.562185,-0.164627,single nucleotide variant,missense variant
4549,1,0.56064,0.562153,-0.001513,single nucleotide variant,nonsense
3198,0,0.006587,0.562278,-0.555691,single nucleotide variant,intron variant
2718,0,0.006467,0.424114,-0.417647,single nucleotide variant,intron variant
5665,1,0.999106,0.999174,-6.8e-05,Deletion,frameshift variant
2496,1,0.997854,0.997887,-3.2e-05,Deletion,frameshift variant|non-coding transcript variant
2342,1,0.997846,0.997924,-7.7e-05,Deletion,frameshift variant|intron variant
6175,1,0.999323,0.999322,1e-06,Indel,nonsense
3375,1,0.999323,0.999379,-5.6e-05,Duplication,frameshift variant
1935,0,0.423142,0.424044,-0.000902,single nucleotide variant,intron variant|missense variant
1711,1,0.997561,0.997549,1.2e-05,Deletion,frameshift variant|intron variant
831,0,0.006463,0.424027,-0.417564,single nucleotide variant,intron variant
2678,1,0.995694,0.997885,-0.002191,Deletion,frameshift variant|non-coding transcript variant
3155,1,0.999003,0.999127,-0.000124,Duplication,frameshift variant
5002,1,0.998578,0.998564,1.4e-05,Deletion,nonsense
3497,1,0.999234,0.99925,-1.6e-05,Insertion,frameshift variant
1040,1,0.993176,0.99565,-0.002474,Microsatellite,frameshift variant|intron variant
1415,1,0.997287,0.99739,-0.000103,Deletion,frameshift variant|intron variant
4291,1,0.999248,0.999269,-2.2e-05,Deletion,frameshift variant
4381,1,0.998991,0.998967,2.4e-05,Deletion,frameshift variant
4864,1,0.998983,0.998967,1.6e-05,Deletion,frameshift variant
520,1,0.998557,0.998941,-0.000384,Duplication,frameshift variant|non-coding transcript variant
3697,0,0.51765,0.562192,-0.044542,single nucleotide variant,missense variant
3101,1,0.99786,0.998426,-0.000566,Deletion,frameshift variant
4066,1,0.99828,0.998564,-0.000284,Deletion,nonsense
1495,1,0.997555,0.997888,-0.000333,Deletion,frameshift variant|intron variant
1777,1,0.998219,0.998207,1.2e-05,Duplication,frameshift variant|intron variant
4531,1,0.999423,0.999423,0.0,Duplication,frameshift variant
3083,0,0.004302,0.562343,-0.55804,single nucleotide variant,intron variant
2626,1,0.422469,0.424088,-0.001618,single nucleotide variant,nonsense|non-coding transcript variant
3048,0,0.34515,0.562393,-0.217244,single nucleotide variant,intron variant
4569,1,0.997971,0.997958,1.4e-05,Deletion,frameshift variant
5456,1,0.999381,0.999402,-2.1e-05,Duplication,frameshift variant
4419,1,0.548028,0.562157,-0.014129,single nucleotide variant,nonsense
3921,1,0.999042,0.999246,-0.000204,Deletion,frameshift variant
2454,0,0.006456,0.424051,-0.417595,single nucleotide variant,intron variant
4802,1,0.56462,0.562143,0.002477,single nucleotide variant,nonsense
443,1,0.912997,0.997893,-0.084896,Deletion,frameshift variant|non-coding transcript variant
3769,0,0.497981,0.562189,-0.064208,single nucleotide variant,missense variant
1239,1,0.99807,0.998072,-2e-06,Deletion,frameshift variant|intron variant|splice acceptor variant
4781,1,0.998241,0.998267,-2.7e-05,Deletion,frameshift variant
2654,1,0.93495,0.941981,-0.007032,Microsatellite,frameshift variant
3814,1,0.999272,0.999276,-4e-06,Deletion,frameshift variant
3182,1,0.191823,0.562289,-0.370466,single nucleotide variant,nonsense
2782,0,0.006471,0.424133,-0.417662,single nucleotide variant,intron variant
3169,0,0.009457,0.447339,-0.437882,Duplication,intron variant
270,1,0.997534,0.998875,-0.001341,Insertion,frameshift variant|nonsense|non-coding transcript variant
5159,0,0.004301,0.562007,-0.557706,single nucleotide variant,intron variant
2061,1,0.998747,0.998781,-3.4e-05,Indel,nonsense|intron variant
2807,0,0.007677,0.424152,-0.416475,single nucleotide variant,intron variant
3574,0,0.135138,0.997958,-0.86282,Deletion,intron variant
3608,1,0.998755,0.99903,-0.000274,Duplication,nonsense
243,1,0.997201,0.9974,-0.000199,Deletion,frameshift variant|non-coding transcript variant
1612,1,0.415818,0.424041,-0.008223,single nucleotide variant,nonsense|intron variant
1154,1,0.997306,0.99739,-8.4e-05,Deletion,frameshift variant|intron variant
1066,1,0.996983,0.997575,-0.000592,Duplication,frameshift variant|nonsense|intron variant
3932,1,0.998895,0.999339,-0.000443,Duplication,frameshift variant
5947,1,0.997663,0.999383,-0.00172,Insertion,frameshift variant
1502,1,0.997406,0.997549,-0.000144,Deletion,frameshift variant|intron variant
6160,1,0.999271,0.999268,3e-06,Deletion,frameshift variant
2480,0,0.00297,0.34028,-0.33731,Deletion,intron variant
4334,1,0.999352,0.999348,4e-06,Insertion,frameshift variant
1064,1,0.997782,0.997924,-0.000142,Deletion,frameshift variant|intron variant
3745,1,0.999448,0.999447,1e-06,Indel,frameshift variant
2539,0,0.137237,0.999078,-0.86184,Insertion,intron variant
2054,1,0.997439,0.997426,1.3e-05,Deletion,frameshift variant|intron variant
985,1,0.997689,0.997766,-7.7e-05,Deletion,nonsense|intron variant
2341,1,0.99777,0.997924,-0.000153,Deletion,frameshift variant|intron variant
3796,0,0.522789,0.562187,-0.039398,single nucleotide variant,missense variant
5920,1,0.999267,0.999275,-7e-06,Deletion,frameshift variant
4244,1,0.998396,0.998426,-3e-05,Deletion,frameshift variant
804,0,0.002603,0.528289,-0.525686,Microsatellite,intron variant
4903,1,0.557772,0.562139,-0.004367,single nucleotide variant,nonsense
4141,1,0.999149,0.999423,-0.000274,Duplication,frameshift variant
3300,1,0.998561,0.998546,1.5e-05,Duplication,frameshift variant
5123,1,0.036638,0.99925,-0.962612,Insertion,frameshift variant
1180,1,0.409918,0.424037,-0.014119,single nucleotide variant,nonsense|intron variant
1022,1,0.344576,0.424036,-0.079461,single nucleotide variant,nonsense|intron variant
5841,1,0.008357,0.561628,-0.553271,single nucleotide variant,nonsense
1622,1,0.998694,0.998702,-9e-06,Duplication,frameshift variant|nonsense|intron variant
1927,1,0.997421,0.997581,-0.00016,Deletion,frameshift variant|intron variant
234,1,0.997585,0.998214,-0.000629,Duplication,frameshift variant|non-coding transcript variant
3248,0,0.564327,0.562254,0.002072,single nucleotide variant,intron variant
5457,1,0.552065,0.56185,-0.009786,single nucleotide variant,nonsense
5926,1,0.563847,0.561622,0.002225,single nucleotide variant,missense variant
3369,1,0.55949,0.562246,-0.002756,single nucleotide variant,nonsense
1772,1,0.997567,0.997549,1.8e-05,Deletion,frameshift variant|intron variant
5422,0,0.005973,0.56189,-0.555917,single nucleotide variant,intron variant
6022,0,0.134451,0.999423,-0.864972,Duplication,intron variant
3597,1,0.996302,0.999383,-0.00308,Insertion,frameshift variant
1607,1,0.999088,0.999125,-3.6e-05,Insertion,frameshift variant|intron variant
2815,0,0.007454,0.424158,-0.416704,single nucleotide variant,intron variant
5978,1,0.99927,0.999268,2e-06,Deletion,frameshift variant
3649,1,0.999178,0.999175,3e-06,Deletion,frameshift variant
341,0,0.385262,0.423928,-0.038666,single nucleotide variant,intron variant
6018,0,0.004404,0.561592,-0.557189,single nucleotide variant,intron variant
116,1,0.998925,0.998943,-1.8e-05,Duplication,frameshift variant|non-coding transcript variant|intron variant
5904,1,0.999093,0.999174,-8.1e-05,Deletion,frameshift variant
5804,1,0.988662,0.999423,-0.010761,Duplication,frameshift variant
4487,1,0.998373,0.998405,-3.3e-05,Deletion,nonsense
425,1,0.988017,0.998941,-0.010925,Duplication,frameshift variant|non-coding transcript variant
360,1,0.99734,0.997398,-5.8e-05,Deletion,frameshift variant|non-coding transcript variant
3173,0,0.046371,0.562305,-0.515934,single nucleotide variant,intron variant
1683,1,0.995636,0.995692,-5.5e-05,Deletion,frameshift variant|intron variant
3874,1,0.397466,0.562183,-0.164717,single nucleotide variant,nonsense
516,0,0.422887,0.423956,-0.001068,single nucleotide variant,missense variant|non-coding transcript variant
588,1,0.006445,0.423969,-0.417524,single nucleotide variant,splice donor variant|intron variant
2470,0,0.024395,0.558905,-0.53451,Deletion,intron variant
1142,1,0.81074,0.998939,-0.188199,Duplication,nonsense|intron variant
4667,1,0.998542,0.998564,-2.2e-05,Deletion,frameshift variant
4170,1,0.998393,0.998409,-1.6e-05,Deletion,frameshift variant
1769,1,0.99576,0.995692,6.8e-05,Deletion,frameshift variant|intron variant
6042,0,0.004405,0.561543,-0.557139,single nucleotide variant,intron variant
982,1,0.998703,0.998703,0.0,Duplication,frameshift variant|intron variant
4005,1,0.99851,0.998564,-5.5e-05,Deletion,frameshift variant
5033,1,0.168965,0.562135,-0.39317,single nucleotide variant,nonsense
3459,1,0.999443,0.99946,-1.7e-05,Indel,
1121,1,0.997939,0.997924,1.5e-05,Deletion,frameshift variant|intron variant
467,1,0.969769,0.997928,-0.028159,Deletion,frameshift variant|non-coding transcript variant
5510,1,0.563071,0.561842,0.001229,single nucleotide variant,nonsense
970,1,0.996853,0.996926,-7.3e-05,Duplication,frameshift variant|intron variant
3862,1,0.99938,0.999423,-4.3e-05,Duplication,nonsense
1988,1,0.424716,0.424044,0.000672,single nucleotide variant,intron variant|nonsense
2566,0,0.052822,0.424085,-0.371263,single nucleotide variant,missense variant|non-coding transcript variant
5909,1,0.558875,0.561622,-0.002747,single nucleotide variant,nonsense
5402,1,0.998764,0.999175,-0.000411,Deletion,frameshift variant
4132,1,0.999325,0.999348,-2.3e-05,Insertion,frameshift variant
5100,0,0.007867,0.562066,-0.554199,single nucleotide variant,intron variant
5419,0,0.006347,0.561895,-0.555548,single nucleotide variant,intron variant
21,0,0.419161,0.423858,-0.004698,single nucleotide variant,3 prime UTR variant|non-coding transcript variant
384,0,0.018562,0.423929,-0.405367,single nucleotide variant,intron variant
533,0,0.411381,0.423956,-0.012576,single nucleotide variant,synonymous variant|intron variant
4029,0,0.56655,0.562175,0.004374,single nucleotide variant,missense variant
5275,1,0.999051,0.999175,-0.000124,Deletion,frameshift variant
4180,1,0.55524,0.562169,-0.006929,single nucleotide variant,nonsense
5764,0,0.0043,0.561731,-0.557431,single nucleotide variant,intron variant
999,1,0.398766,0.424036,-0.02527,single nucleotide variant,nonsense|intron variant
2794,0,0.006472,0.424141,-0.417668,single nucleotide variant,intron variant
4479,1,0.998129,0.998138,-1e-05,Deletion,nonsense
3698,1,0.999359,0.999402,-4.2e-05,Duplication,nonsense
4268,1,0.999266,0.999276,-9e-06,Deletion,frameshift variant
915,1,0.997672,0.997924,-0.000252,Deletion,frameshift variant|intron variant
4788,0,0.560041,0.562143,-0.002102,single nucleotide variant,missense variant
2728,0,0.006467,0.424119,-0.417651,single nucleotide variant,intron variant
2660,1,0.37788,0.424094,-0.046214,single nucleotide variant,nonsense
6033,0,0.004301,0.561555,-0.557254,single nucleotide variant,intron variant
3220,1,0.998966,0.998967,-1e-06,Deletion,frameshift variant
3096,0,0.005736,0.562337,-0.556601,single nucleotide variant,intron variant
4518,0,0.561273,0.562154,-0.000881,single nucleotide variant,missense variant
391,0,0.018563,0.423933,-0.40537,single nucleotide variant,intron variant
3569,1,0.960724,0.999175,-0.038451,Deletion,frameshift variant
4795,1,0.998864,0.99889,-2.6e-05,Deletion,frameshift variant
3691,1,0.999256,0.999276,-2e-05,Deletion,frameshift variant
1729,1,0.42617,0.424042,0.002128,single nucleotide variant,nonsense|intron variant
3452,1,0.999246,0.999276,-3e-05,Deletion,frameshift variant
4025,1,0.999149,0.999175,-2.6e-05,Deletion,frameshift variant
221,0,0.006458,0.423901,-0.417443,single nucleotide variant,intron variant
4933,1,0.999278,0.999269,9e-06,Deletion,frameshift variant
3394,1,0.56238,0.562245,0.000135,single nucleotide variant,nonsense
2001,1,0.42534,0.424044,0.001296,single nucleotide variant,nonsense|intron variant
1378,1,0.998147,0.998221,-7.4e-05,Duplication,frameshift variant|intron variant
382,1,0.89819,0.997928,-0.099739,Deletion,frameshift variant|non-coding transcript variant
2585,1,0.997362,0.997386,-2.5e-05,Deletion,frameshift variant|non-coding transcript variant
1631,1,0.998581,0.998565,1.6e-05,Indel,frameshift variant|intron variant
4894,1,0.998447,0.998426,2.1e-05,Deletion,frameshift variant
1371,1,0.998914,0.998939,-2.5e-05,Duplication,frameshift variant|intron variant
105,0,0.005256,0.368542,-0.363286,Microsatellite,intron variant
2748,1,0.180498,0.997763,-0.817265,Deletion,frameshift variant|non-coding transcript variant|intron variant
1846,1,0.99886,0.998872,-1.2e-05,Insertion,frameshift variant|intron variant
522,0,0.396157,0.423956,-0.027799,single nucleotide variant,missense variant|non-coding transcript variant
4115,1,0.558808,0.562172,-0.003364,single nucleotide variant,nonsense
972,1,0.997401,0.99739,1.1e-05,Deletion,frameshift variant|intron variant
294,0,0.006647,0.423915,-0.417268,single nucleotide variant,intron variant
4476,1,0.998411,0.998409,2e-06,Deletion,frameshift variant
6025,0,0.004301,0.561571,-0.55727,single nucleotide variant,intron variant
2215,1,0.99737,0.997389,-2e-05,Deletion,frameshift variant|intron variant
4775,1,0.999402,0.999402,1e-06,Duplication,frameshift variant
3960,1,0.999226,0.999276,-5e-05,Deletion,frameshift variant
3957,1,0.560171,0.56218,-0.002009,single nucleotide variant,nonsense
3072,1,0.91401,0.998426,-0.084416,Deletion,frameshift variant
6080,0,0.005054,0.561465,-0.556411,single nucleotide variant,intron variant
3637,1,0.999413,0.999423,-1e-05,Duplication,frameshift variant
2181,1,0.998812,0.998939,-0.000127,Duplication,frameshift variant|intron variant
3557,1,0.07003,0.562238,-0.492208,single nucleotide variant,nonsense
932,1,0.99766,0.998207,-0.000547,Duplication,frameshift variant|intron variant
422,1,0.03506,0.423943,-0.388883,single nucleotide variant,missense variant|non-coding transcript variant
5184,1,0.005963,0.561952,-0.555989,single nucleotide variant,splice acceptor variant
3549,1,0.999337,0.999423,-8.6e-05,Duplication,frameshift variant
5414,0,0.005973,0.561903,-0.55593,single nucleotide variant,intron variant
6076,0,0.005053,0.561482,-0.556429,single nucleotide variant,intron variant
623,1,0.997949,0.997948,1e-06,Deletion,frameshift variant|non-coding transcript variant
1343,1,0.998871,0.998872,-1e-06,Insertion,intron variant|frameshift variant
1996,1,0.998711,0.998702,9e-06,Duplication,frameshift variant|intron variant
2141,1,0.997026,0.996984,4.2e-05,Duplication,frameshift variant|intron variant
256,1,0.99757,0.997929,-0.00036,Deletion,frameshift variant|non-coding transcript variant
398,0,0.035057,0.423936,-0.388879,single nucleotide variant,intron variant
5230,0,0.560831,0.56195,-0.001119,single nucleotide variant,missense variant
3803,1,0.998379,0.998409,-3e-05,Deletion,frameshift variant
4558,1,0.999269,0.999269,-0.0,Deletion,frameshift variant
3965,1,0.99942,0.999423,-3e-06,Duplication,frameshift variant
696,1,0.997882,0.997926,-4.4e-05,Deletion,frameshift variant|non-coding transcript variant
4887,1,0.565338,0.56214,0.003198,single nucleotide variant,nonsense
280,0,0.00654,0.423907,-0.417367,single nucleotide variant,intron variant
3233,1,0.999172,0.999175,-4e-06,Deletion,frameshift variant
6243,1,0.999349,0.999423,-7.3e-05,Duplication,frameshift variant
3138,1,0.564774,0.562328,0.002446,single nucleotide variant,nonsense
3959,1,0.999381,0.999423,-4.2e-05,Duplication,frameshift variant
5079,0,0.006568,0.562094,-0.555526,single nucleotide variant,intron variant
3406,0,0.566021,0.562244,0.003777,single nucleotide variant,synonymous variant
2377,1,0.997542,0.997924,-0.000381,Deletion,frameshift variant|5 prime UTR variant|intron variant
5279,1,0.555995,0.561948,-0.005953,single nucleotide variant,nonsense
5915,1,0.997524,0.997572,-4.8e-05,Deletion,frameshift variant
1808,1,0.924727,0.924137,0.00059,Deletion,frameshift variant|intron variant
5007,1,0.565829,0.562136,0.003693,single nucleotide variant,nonsense
713,0,0.006446,0.423983,-0.417537,single nucleotide variant,intron variant
5584,1,0.998893,0.998966,-7.3e-05,Deletion,frameshift variant
5860,1,0.99818,0.998135,4.5e-05,Deletion,frameshift variant
2339,1,0.997831,0.997924,-9.2e-05,Deletion,frameshift variant|intron variant
3558,0,0.554038,0.562238,-0.0082,single nucleotide variant,missense variant
1125,1,0.998556,0.998939,-0.000383,Duplication,frameshift variant|intron variant
1402,1,0.997236,0.997364,-0.000128,Deletion,frameshift variant|intron variant
6219,0,0.007487,0.749171,-0.741683,Microsatellite,intron variant
5325,1,0.999242,0.99925,-8e-06,Insertion,nonsense
4973,1,0.997827,0.997824,3e-06,Deletion,frameshift variant
3045,0,0.007884,0.562398,-0.554515,single nucleotide variant,intron variant
3468,1,0.998869,0.998891,-2.1e-05,Deletion,frameshift variant
1973,0,0.424847,0.424044,0.000803,single nucleotide variant,missense variant|intron variant
263,1,0.419806,0.423902,-0.004096,single nucleotide variant,missense variant|non-coding transcript variant
3379,1,0.998484,0.998509,-2.5e-05,Microsatellite,frameshift variant
1858,1,0.998201,0.998207,-5e-06,Duplication,frameshift variant|intron variant
2222,1,0.998939,0.998939,0.0,Duplication,nonsense|intron variant
2952,1,0.996822,0.99936,-0.002539,Indel,frameshift variant|5 prime UTR variant|non-coding transcript variant
1538,1,0.997879,0.997924,-4.4e-05,Deletion,intron variant|frameshift variant
4198,1,0.547211,0.562168,-0.014957,single nucleotide variant,nonsense
2790,0,0.006472,0.42414,-0.417668,single nucleotide variant,intron variant
1292,1,0.997585,0.99755,3.6e-05,Deletion,frameshift variant|intron variant
5068,0,0.006047,0.562114,-0.556066,single nucleotide variant,intron variant
1481,0,0.416753,0.42404,-0.007287,single nucleotide variant,synonymous variant|intron variant
3709,1,0.999202,0.999276,-7.4e-05,Deletion,nonsense
1702,1,0.997558,0.997549,8e-06,Deletion,frameshift variant|intron variant
5347,1,0.999323,0.999348,-2.5e-05,Insertion,frameshift variant
4593,1,0.999033,0.99903,3e-06,Deletion,frameshift variant
2865,0,0.64375,0.993294,-0.349545,Deletion,intron variant
2048,1,0.995436,0.995408,2.8e-05,Deletion,frameshift variant|intron variant
3550,1,0.436895,0.562238,-0.125343,single nucleotide variant,nonsense
1260,1,0.997886,0.997924,-3.8e-05,Deletion,intron variant|frameshift variant
4130,1,0.999282,0.999378,-9.6e-05,Duplication,frameshift variant
1960,0,0.424495,0.424044,0.000451,single nucleotide variant,missense variant|intron variant
3751,1,0.998916,0.998967,-5.1e-05,Deletion,frameshift variant
1351,1,0.99766,0.997646,1.4e-05,Deletion,frameshift variant|intron variant
4963,1,0.563547,0.562138,0.00141,single nucleotide variant,nonsense
1924,1,0.998828,0.999022,-0.000194,Insertion,frameshift variant|intron variant
1941,1,0.424284,0.424044,0.00024,single nucleotide variant,nonsense|intron variant
2546,0,0.007873,0.424078,-0.416205,single nucleotide variant,intron variant
4960,1,0.999252,0.99925,1e-06,Insertion,frameshift variant
3594,0,0.004325,0.562199,-0.557874,single nucleotide variant,synonymous variant
4261,1,0.564496,0.562165,0.002331,single nucleotide variant,nonsense
820,0,0.006462,0.42402,-0.417557,single nucleotide variant,intron variant
967,1,0.997879,0.997888,-9e-06,Deletion,intron variant|frameshift variant
5078,0,0.005587,0.562095,-0.556509,single nucleotide variant,intron variant
6126,1,0.998918,0.998965,-4.7e-05,Deletion,frameshift variant
3867,1,0.557139,0.562184,-0.005045,single nucleotide variant,nonsense
2618,0,0.420935,0.424085,-0.00315,single nucleotide variant,intron variant
1377,1,0.999108,0.999119,-1e-05,Microsatellite,inframe_indel|frameshift variant|intron variant
1655,1,0.998978,0.999096,-0.000118,Insertion,frameshift variant|intron variant
2084,1,0.997917,0.997982,-6.5e-05,Deletion,frameshift variant|intron variant
1170,1,0.997641,0.997766,-0.000125,Deletion,frameshift variant|intron variant
5069,0,0.006047,0.562112,-0.556065,single nucleotide variant,intron variant
1989,1,0.425799,0.424044,0.001755,single nucleotide variant,nonsense|intron variant
1114,1,0.998942,0.998939,3e-06,Duplication,frameshift variant|intron variant
2961,1,0.999112,0.999363,-0.000252,Duplication,frameshift variant
2580,0,0.424262,0.424085,0.000177,single nucleotide variant,missense variant|non-coding transcript variant
850,1,0.900436,0.997947,-0.097511,Deletion,frameshift variant|non-coding transcript variant
1892,1,0.424378,0.424043,0.000335,single nucleotide variant,nonsense|intron variant
5074,0,0.005586,0.562107,-0.556521,single nucleotide variant,intron variant
4175,0,0.996816,0.996864,-4.8e-05,Microsatellite,inframe_deletion
4330,1,0.999259,0.999269,-1e-05,Deletion,frameshift variant
2410,1,0.424776,0.424048,0.000728,single nucleotide variant,nonsense|5 prime UTR variant|intron variant
16,0,0.411938,0.423854,-0.011916,single nucleotide variant,3 prime UTR variant|non-coding transcript variant
1051,1,0.997017,0.99755,-0.000533,Deletion,frameshift variant|intron variant
431,1,0.418404,0.423943,-0.005539,single nucleotide variant,missense variant|non-coding transcript variant
2600,1,0.996966,0.996959,7e-06,Deletion,frameshift variant|non-coding transcript variant
707,0,0.006446,0.423982,-0.417536,single nucleotide variant,intron variant
160,1,0.317969,0.423879,-0.10591,single nucleotide variant,missense variant|non-coding transcript variant
102,0,0.069528,0.423866,-0.354338,single nucleotide variant,missense variant|nonsense|non-coding transcript variant
4803,1,0.999364,0.999363,1e-06,Duplication,frameshift variant
3432,1,0.999373,0.999421,-4.8e-05,Indel,frameshift variant
5897,1,0.561249,0.561626,-0.000377,single nucleotide variant,nonsense
37,1,0.42449,0.423858,0.000631,single nucleotide variant,nonsense|3 prime UTR variant|non-coding transcript variant
2457,0,0.006495,0.424053,-0.417558,single nucleotide variant,splice acceptor variant|intron variant
4561,0,0.566424,0.562152,0.004272,single nucleotide variant,missense variant
6092,0,0.005055,0.561436,-0.55638,single nucleotide variant,intron variant
4498,1,0.999159,0.999175,-1.6e-05,Deletion,frameshift variant
3916,1,0.271535,0.562181,-0.290646,single nucleotide variant,nonsense
2449,1,0.92442,0.997888,-0.073468,Deletion,frameshift variant|non-coding transcript variant
4521,1,0.997452,0.997824,-0.000372,Deletion,frameshift variant
2152,1,0.418732,0.424046,-0.005314,single nucleotide variant,nonsense|intron variant
2709,0,0.006459,0.424109,-0.41765,single nucleotide variant,intron variant
371,1,0.997951,0.997928,2.3e-05,Deletion,frameshift variant|non-coding transcript variant
1897,0,0.420646,0.424043,-0.003397,single nucleotide variant,missense variant|intron variant
2466,0,0.006464,0.424058,-0.417594,single nucleotide variant,synonymous variant|intron variant
5389,1,0.559546,0.561913,-0.002367,single nucleotide variant,nonsense
5508,1,0.998938,0.99894,-2e-06,Duplication,nonsense
71,1,0.998916,0.998943,-2.7e-05,Duplication,frameshift variant|stop lost|non-coding transcript variant
2847,1,0.402921,0.424163,-0.021242,single nucleotide variant,nonsense|5 prime UTR variant|non-coding transcript variant
2126,1,0.998707,0.998702,5e-06,Duplication,frameshift variant|intron variant
917,1,0.99783,0.998017,-0.000187,Deletion,frameshift variant|intron variant
876,1,0.985444,0.99755,-0.012105,Deletion,frameshift variant|non-coding transcript variant
4376,1,0.998138,0.998138,0.0,Deletion,frameshift variant
5604,1,0.924329,0.99925,-0.074922,Insertion,frameshift variant
5868,1,0.561509,0.561627,-0.000117,single nucleotide variant,nonsense
1299,1,0.997441,0.99739,5.1e-05,Deletion,frameshift variant|intron variant
4114,1,0.998859,0.99889,-3.1e-05,Deletion,frameshift variant
5119,1,0.156286,0.999402,-0.843116,Duplication,frameshift variant
5844,1,0.028604,0.561628,-0.533024,single nucleotide variant,nonsense
6144,1,0.999257,0.999268,-1.1e-05,Deletion,frameshift variant
1370,1,0.997964,0.998027,-6.3e-05,Deletion,frameshift variant|intron variant
3340,1,0.564051,0.562247,0.001804,single nucleotide variant,nonsense
2861,0,0.05799,0.424163,-0.366174,single nucleotide variant,5 prime UTR variant|synonymous variant|intron variant
5553,1,0.998862,0.998863,-1e-06,Duplication,frameshift variant
1668,1,0.997723,0.997924,-0.000201,Deletion,frameshift variant|intron variant
2368,1,0.997941,0.998017,-7.6e-05,Deletion,frameshift variant|5 prime UTR variant|intron variant
1407,1,0.997373,0.997426,-5.3e-05,Deletion,frameshift variant|intron variant
2216,1,0.997524,0.997593,-6.8e-05,Deletion,frameshift variant|intron variant
3351,1,0.999123,0.999175,-5.3e-05,Deletion,nonsense
3450,1,0.999394,0.999423,-2.9e-05,Duplication,frameshift variant
4877,1,0.999299,0.99929,9e-06,Indel,frameshift variant
5160,0,0.004301,0.562006,-0.557705,single nucleotide variant,intron variant
4199,1,0.999173,0.999175,-2e-06,Deletion,frameshift variant
3119,1,0.447707,0.562333,-0.114626,single nucleotide variant,nonsense
1438,1,0.997293,0.99739,-9.7e-05,Deletion,frameshift variant|intron variant
2925,0,0.004305,0.56246,-0.558155,single nucleotide variant,intron variant
6027,0,0.004366,0.561568,-0.557202,single nucleotide variant,intron variant
3883,1,0.564862,0.562182,0.00268,single nucleotide variant,nonsense
3938,1,0.999159,0.999175,-1.6e-05,Deletion,frameshift variant
237,1,0.997753,0.997929,-0.000176,Deletion,frameshift variant|non-coding transcript variant
2869,0,0.062724,0.424166,-0.361441,single nucleotide variant,intron variant
5645,0,0.037598,0.99925,-0.961652,Insertion,intron variant
973,1,0.99762,0.997646,-2.5e-05,Deletion,frameshift variant|intron variant
2846,1,0.993522,0.995673,-0.002151,Deletion,frameshift variant|5 prime UTR variant|non-coding transcript variant
2242,1,0.998837,0.998939,-0.000102,Duplication,frameshift variant|intron variant
4042,1,0.999419,0.999423,-4e-06,Duplication,frameshift variant
4411,1,0.998926,0.998967,-4.1e-05,Deletion,frameshift variant
1647,1,0.997398,0.99739,9e-06,Deletion,intron variant|frameshift variant
5186,1,0.005963,0.561952,-0.555989,single nucleotide variant,splice acceptor variant
2542,0,0.006993,0.424075,-0.417082,single nucleotide variant,intron variant
1630,1,0.426075,0.424041,0.002034,single nucleotide variant,nonsense|intron variant
5038,1,0.995063,0.99889,-0.003828,Deletion,frameshift variant
1753,1,0.997698,0.99764,5.8e-05,Deletion,frameshift variant|intron variant
3082,0,0.004301,0.562344,-0.558042,single nucleotide variant,intron variant
5521,1,0.999268,0.999269,-1e-06,Deletion,frameshift variant
5806,1,0.99918,0.999174,6e-06,Deletion,frameshift variant
4827,1,0.999329,0.999423,-9.4e-05,Duplication,frameshift variant
5817,1,0.793964,0.999174,-0.20521,Deletion,frameshift variant
4463,1,0.998044,0.998006,3.8e-05,Microsatellite,frameshift variant
4704,1,0.999273,0.999269,4e-06,Deletion,frameshift variant
1324,1,0.99788,0.997924,-4.4e-05,Deletion,nonsense|intron variant
1637,0,0.425451,0.424041,0.001409,single nucleotide variant,missense variant|intron variant
2558,0,0.074924,0.808347,-0.733423,Deletion,intron variant
1820,1,0.997929,0.997924,5e-06,Deletion,frameshift variant|intron variant
1410,1,0.997307,0.99739,-8.3e-05,Deletion,frameshift variant|intron variant
636,1,0.098686,0.423969,-0.325284,single nucleotide variant,nonsense|non-coding transcript variant
5288,1,0.99813,0.998202,-7.2e-05,Deletion,frameshift variant
4728,1,0.556683,0.562145,-0.005463,single nucleotide variant,nonsense
4462,1,0.998971,0.998967,4e-06,Deletion,frameshift variant
1834,1,0.407628,0.424043,-0.016414,single nucleotide variant,nonsense|intron variant
1756,1,0.415956,0.424042,-0.008086,single nucleotide variant,nonsense|intron variant
1780,1,0.999106,0.999125,-1.9e-05,Insertion,frameshift variant|intron variant
1614,0,0.423587,0.424041,-0.000454,single nucleotide variant,missense variant|intron variant
6174,1,0.999269,0.999274,-5e-06,Deletion,frameshift variant
1420,1,0.997764,0.997888,-0.000124,Deletion,frameshift variant|intron variant
2958,1,0.992363,0.999423,-0.007061,Duplication,frameshift variant
6200,1,0.999421,0.999423,-2e-06,Duplication,frameshift variant
2019,1,0.417455,0.424045,-0.006589,single nucleotide variant,nonsense|intron variant
1257,1,0.421115,0.424038,-0.002923,single nucleotide variant,nonsense|intron variant
4397,1,0.999253,0.99925,3e-06,Insertion,nonsense
1200,1,0.997872,0.997888,-1.6e-05,Deletion,frameshift variant|intron variant
773,1,0.998236,0.998209,2.7e-05,Duplication,frameshift variant|non-coding transcript variant
4907,1,0.998527,0.998533,-6e-06,Deletion,frameshift variant
1673,1,0.998545,0.998702,-0.000157,Duplication,frameshift variant|intron variant
580,0,0.006445,0.423966,-0.417522,single nucleotide variant,intron variant
5287,1,0.998966,0.998966,0.0,Deletion,frameshift variant
4182,1,0.998506,0.998493,1.3e-05,Deletion,frameshift variant
3242,0,0.560348,0.562267,-0.001919,single nucleotide variant,intron variant
2351,1,0.997481,0.997888,-0.000407,Deletion,frameshift variant|intron variant
5668,1,0.26462,0.561746,-0.297126,single nucleotide variant,nonsense
2012,1,0.995825,0.995972,-0.000147,Deletion,frameshift variant|intron variant
5345,1,0.999349,0.999348,1e-06,Insertion,frameshift variant
2774,0,0.006471,0.42413,-0.41766,single nucleotide variant,intron variant
1190,1,0.997966,0.997982,-1.6e-05,Deletion,intron variant|frameshift variant
1297,1,0.997951,0.997924,2.7e-05,Deletion,intron variant|frameshift variant
1898,1,0.420847,0.424043,-0.003197,single nucleotide variant,nonsense|intron variant
2369,1,0.997277,0.997389,-0.000112,Deletion,frameshift variant|5 prime UTR variant|intron variant
1665,1,0.997924,0.997924,0.0,Deletion,frameshift variant|intron variant
1696,1,0.424451,0.424042,0.000409,single nucleotide variant,nonsense|intron variant
5532,1,0.99844,0.998506,-6.6e-05,Microsatellite,frameshift variant
5124,1,0.234463,0.999276,-0.764812,Deletion,frameshift variant
2770,1,0.074857,0.42413,-0.349273,single nucleotide variant,nonsense|non-coding transcript variant|intron variant
635,1,0.997602,0.999056,-0.001454,Indel,frameshift variant|nonsense|non-coding transcript variant
3244,0,0.565326,0.562263,0.003064,single nucleotide variant,intron variant
4815,1,0.998392,0.998409,-1.7e-05,Deletion,frameshift variant
225,1,0.032394,0.994541,-0.962148,Deletion,splice donor variant
93,1,0.136063,0.423866,-0.287803,single nucleotide variant,nonsense|synonymous variant
4599,1,0.998559,0.998533,2.6e-05,Deletion,frameshift variant
3081,0,0.004303,0.562344,-0.558041,single nucleotide variant,intron variant
2148,1,0.865396,0.865848,-0.000451,Microsatellite,frameshift variant|nonsense|intron variant
3989,1,0.99934,0.999402,-6.2e-05,Duplication,frameshift variant
4,0,0.408455,0.423841,-0.015386,single nucleotide variant,
5010,1,0.999258,0.999246,1.2e-05,Deletion,frameshift variant
3239,1,0.558152,0.562269,-0.004116,single nucleotide variant,nonsense
2099,1,0.410489,0.424045,-0.013556,single nucleotide variant,nonsense|intron variant
2359,1,0.991344,0.998125,-0.00678,Indel,frameshift variant|initiator_codon_variant|intron variant
1827,0,0.418181,0.424043,-0.005861,single nucleotide variant,missense variant|intron variant
2538,0,0.176391,0.99755,-0.821158,Deletion,intron variant
2383,1,0.370337,0.424048,-0.05371,single nucleotide variant,nonsense|5 prime UTR variant|intron variant
4522,1,0.999425,0.999423,2e-06,Duplication,frameshift variant
1692,1,0.42438,0.424042,0.000339,single nucleotide variant,nonsense|intron variant
5048,1,0.221591,0.999269,-0.777678,Deletion,frameshift variant
5049,1,0.969907,0.999182,-0.029275,Deletion,frameshift variant
4714,1,0.999173,0.999204,-3.1e-05,Duplication,nonsense
5963,1,0.999243,0.99925,-7e-06,Insertion,frameshift variant
5487,1,0.999177,0.999174,3e-06,Deletion,frameshift variant
67,1,0.999026,0.999024,2e-06,Insertion,frameshift variant|3 prime UTR variant|non-coding transcript variant
532,0,0.410526,0.423956,-0.01343,single nucleotide variant,missense variant|non-coding transcript variant
1469,1,0.99887,0.998872,-2e-06,Insertion,frameshift variant|intron variant
2391,1,0.998629,0.998939,-0.00031,Duplication,frameshift variant|5 prime UTR variant|intron variant
4687,1,0.999222,0.99925,-2.8e-05,Insertion,frameshift variant
619,1,0.41417,0.423969,-0.009799,single nucleotide variant,nonsense|non-coding transcript variant
35,1,0.997914,0.997897,1.7e-05,Deletion,frameshift variant|3 prime UTR variant|non-coding transcript variant
997,1,0.99583,0.996782,-0.000952,Deletion,frameshift variant|intron variant
2685,1,0.415319,0.424094,-0.008775,single nucleotide variant,nonsense|5 prime UTR variant|intron variant
3494,1,0.998576,0.999175,-0.0006,Deletion,frameshift variant
3247,0,0.563321,0.562257,0.001064,single nucleotide variant,intron variant
5386,1,0.999276,0.999269,8e-06,Deletion,frameshift variant
2031,1,0.998412,0.998872,-0.00046,Insertion,frameshift variant|intron variant
4859,1,0.999351,0.999402,-5.1e-05,Duplication,frameshift variant
5738,1,0.999178,0.999174,4e-06,Deletion,nonsense
1835,1,0.995317,0.995649,-0.000332,Microsatellite,frameshift variant|intron variant
4647,1,0.999418,0.999423,-5e-06,Duplication,nonsense
5052,1,0.92714,0.99889,-0.07175,Deletion,frameshift variant
3128,1,0.998871,0.999276,-0.000405,Deletion,frameshift variant
4156,1,0.999165,0.999175,-1e-05,Deletion,frameshift variant
5273,1,0.999146,0.999269,-0.000123,Deletion,frameshift variant
4276,1,0.565604,0.562164,0.003439,single nucleotide variant,nonsense
259,1,0.997752,0.997949,-0.000197,Deletion,frameshift variant|non-coding transcript variant
1367,1,0.924131,0.924148,-1.7e-05,Deletion,frameshift variant|intron variant
302,0,0.006647,0.423918,-0.417271,single nucleotide variant,intron variant
2948,1,0.946433,0.999276,-0.052844,Deletion,nonsense
4116,1,0.998515,0.998533,-1.8e-05,Deletion,frameshift variant
2938,0,0.004311,0.562434,-0.558123,single nucleotide variant,intron variant
2829,1,0.993538,0.99564,-0.002103,Microsatellite,frameshift variant|5 prime UTR variant|non-coding transcript variant
47,1,0.997912,0.997897,1.4e-05,Deletion,frameshift variant|3 prime UTR variant|non-coding transcript variant
3667,1,0.997781,0.999276,-0.001495,Deletion,frameshift variant
2552,0,0.007873,0.42408,-0.416207,single nucleotide variant,intron variant
4275,1,0.999271,0.999269,1e-06,Deletion,frameshift variant
5906,1,0.557681,0.561622,-0.003942,single nucleotide variant,nonsense
3906,1,0.99925,0.999276,-2.6e-05,Deletion,frameshift variant
1345,1,0.420896,0.424039,-0.003142,single nucleotide variant,nonsense|intron variant
1977,1,0.997646,0.997646,1e-06,Deletion,intron variant|frameshift variant
2255,1,0.997816,0.997924,-0.000108,Deletion,nonsense|intron variant
4748,1,0.998563,0.998564,-1e-06,Deletion,frameshift variant
4189,1,0.999258,0.999269,-1.2e-05,Deletion,frameshift variant
5810,1,0.563175,0.561663,0.001512,single nucleotide variant,nonsense
474,0,0.096046,0.423945,-0.327899,single nucleotide variant,intron variant
2077,1,0.99887,0.998872,-1e-06,Insertion,frameshift variant|intron variant
5168,0,0.005963,0.56198,-0.556017,single nucleotide variant,intron variant
4832,1,0.998458,0.998564,-0.000107,Deletion,frameshift variant
4969,1,0.999168,0.999182,-1.3e-05,Deletion,frameshift variant
987,1,0.394112,0.424036,-0.029924,single nucleotide variant,nonsense|intron variant
4435,1,0.999126,0.999175,-4.9e-05,Deletion,frameshift variant
1853,1,0.99777,0.997766,4e-06,Deletion,intron variant|frameshift variant
2994,1,0.999368,0.999423,-5.5e-05,Duplication,nonsense
5181,0,0.005963,0.56196,-0.555997,single nucleotide variant,intron variant
2499,1,0.998809,0.998939,-0.00013,Duplication,frameshift variant|non-coding transcript variant
3107,1,0.992206,0.998968,-0.006761,Deletion,frameshift variant
2303,1,0.998813,0.998872,-5.9e-05,Insertion,frameshift variant|intron variant
5348,1,0.99918,0.999175,6e-06,Deletion,frameshift variant
3457,1,0.999164,0.999175,-1.2e-05,Deletion,frameshift variant
5430,0,0.006177,0.561878,-0.5557,single nucleotide variant,intron variant
5786,0,0.091799,0.99922,-0.907422,Duplication,intron variant
605,1,0.762894,0.998874,-0.23598,Insertion,frameshift variant|non-coding transcript variant
5828,0,0.007951,0.561651,-0.553701,single nucleotide variant,intron variant
2165,1,0.998558,0.998637,-7.9e-05,Duplication,frameshift variant|intron variant
1249,1,0.99803,0.998017,1.3e-05,Deletion,frameshift variant|intron variant
4078,1,0.997181,0.999423,-0.002242,Duplication,frameshift variant
2824,1,0.371814,0.997544,-0.625731,Deletion,frameshift variant|5 prime UTR variant|non-coding transcript variant
5245,0,0.487211,0.56195,-0.074738,single nucleotide variant,missense variant
4253,1,0.999165,0.999175,-1e-05,Deletion,frameshift variant
4986,1,0.999413,0.999402,1.1e-05,Duplication,frameshift variant
3356,1,0.999114,0.999175,-6.1e-05,Deletion,frameshift variant
4944,1,0.999265,0.999269,-5e-06,Deletion,frameshift variant
1333,1,0.998819,0.998939,-0.00012,Duplication,frameshift variant|intron variant
31,1,0.997943,0.997897,4.5e-05,Deletion,frameshift variant|3 prime UTR variant|non-coding transcript variant
4168,1,0.999208,0.999276,-6.8e-05,Deletion,frameshift variant
959,1,0.997938,0.997924,1.4e-05,Deletion,frameshift variant|intron variant
180,1,0.996664,0.997896,-0.001232,Deletion,frameshift variant|non-coding transcript variant
3228,1,0.998955,0.998967,-1.2e-05,Deletion,frameshift variant
4752,1,0.565619,0.562144,0.003475,single nucleotide variant,nonsense
5228,1,0.998736,0.998736,0.0,Indel,
2612,1,0.997912,0.997922,-1e-05,Deletion,frameshift variant|non-coding transcript variant
5780,0,0.005441,0.561682,-0.556241,single nucleotide variant,intron variant
3419,1,0.565283,0.562244,0.003039,single nucleotide variant,nonsense
3894,1,0.564993,0.562182,0.002811,single nucleotide variant,nonsense
3000,1,0.999053,0.99925,-0.000197,Insertion,frameshift variant
3313,1,0.999419,0.999423,-4e-06,Duplication,nonsense
5121,1,0.323308,0.999175,-0.675867,Deletion,frameshift variant
6138,1,0.999295,0.999348,-5.3e-05,Insertion,frameshift variant
2510,1,0.997353,0.99799,-0.000637,Microsatellite,frameshift variant|nonsense|non-coding transcript variant
3402,1,0.999316,0.999304,1.2e-05,Duplication,frameshift variant
1023,1,0.99883,0.998872,-4.2e-05,Insertion,frameshift variant|intron variant
2405,0,0.384429,0.424048,-0.039619,single nucleotide variant,missense variant|5 prime UTR variant|intron variant
778,1,0.426825,0.424,0.002825,single nucleotide variant,nonsense|non-coding transcript variant
2219,1,0.997467,0.997536,-7e-05,Deletion,frameshift variant|intron variant
4921,1,0.999395,0.999383,1.2e-05,Insertion,frameshift variant
2653,1,0.998568,0.998701,-0.000133,Duplication,frameshift variant
6139,1,0.998919,0.998965,-4.6e-05,Deletion,frameshift variant
591,1,0.996689,0.997128,-0.000439,Deletion,frameshift variant|non-coding transcript variant
5946,1,0.999375,0.999423,-4.8e-05,Duplication,nonsense
966,1,0.995374,0.995408,-3.4e-05,Deletion,frameshift variant|intron variant
3206,1,0.997404,0.99927,-0.001865,Deletion,frameshift variant
1798,1,0.998949,0.998939,1e-05,Duplication,intron variant|frameshift variant
3004,1,0.999261,0.999276,-1.5e-05,Deletion,frameshift variant
1661,1,0.997937,0.997924,1.3e-05,Deletion,intron variant|frameshift variant
3524,1,0.998433,0.998493,-6.1e-05,Deletion,frameshift variant
578,0,0.005898,0.434956,-0.429058,Deletion,intron variant
5573,1,0.999354,0.999348,7e-06,Insertion,frameshift variant
4135,1,0.564267,0.562171,0.002096,single nucleotide variant,nonsense
660,1,0.948781,0.997394,-0.048613,Deletion,frameshift variant|non-coding transcript variant
5077,0,0.002144,0.349436,-0.347292,Deletion,intron variant
3927,1,0.998797,0.99927,-0.000472,Deletion,frameshift variant
2821,0,0.007455,0.424162,-0.416708,single nucleotide variant,intron variant
561,0,0.228748,0.423957,-0.195209,single nucleotide variant,missense variant|non-coding transcript variant
1128,1,0.998937,0.998939,-2e-06,Duplication,frameshift variant|intron variant
2477,0,0.067522,0.998871,-0.931349,Insertion,intron variant
3855,1,0.561177,0.562184,-0.001007,single nucleotide variant,nonsense
203,0,0.006469,0.423889,-0.41742,single nucleotide variant,intron variant
3428,1,0.99916,0.999175,-1.5e-05,Deletion,frameshift variant
6142,1,0.999279,0.999289,-1.1e-05,Indel,nonsense
1230,1,0.996206,0.99739,-0.001183,Deletion,frameshift variant|intron variant
1689,1,0.997786,0.997766,2e-05,Deletion,frameshift variant|intron variant
61,1,0.996199,0.998188,-0.001989,Indel,frameshift variant|3 prime UTR variant|non-coding transcript variant
4231,1,0.998274,0.998307,-3.3e-05,Deletion,frameshift variant
4578,1,0.998941,0.998954,-1.3e-05,Deletion,frameshift variant
2282,1,0.976355,0.997581,-0.021226,Deletion,frameshift variant|intron variant
995,1,0.998182,0.998872,-0.00069,Insertion,frameshift variant|intron variant
5034,1,0.998024,0.999276,-0.001252,Deletion,frameshift variant
1743,1,0.426356,0.424042,0.002314,single nucleotide variant,nonsense|intron variant
732,0,0.00644,0.423992,-0.417552,single nucleotide variant,intron variant
2380,1,0.997066,0.998033,-0.000967,Duplication,frameshift variant|5 prime UTR variant|intron variant
2892,0,0.563019,0.562482,0.000537,single nucleotide variant,intron variant
906,1,0.418019,0.424035,-0.006017,single nucleotide variant,nonsense|intron variant
1757,1,0.995525,0.995692,-0.000166,Deletion,frameshift variant|intron variant
348,1,0.413759,0.423928,-0.01017,single nucleotide variant,nonsense|non-coding transcript variant
3845,0,0.560365,0.562185,-0.001819,single nucleotide variant,missense variant
5682,1,0.528911,0.561746,-0.032835,single nucleotide variant,nonsense
5540,1,0.999267,0.999269,-2e-06,Deletion,nonsense
1624,1,0.998884,0.998925,-4.1e-05,Duplication,frameshift variant|intron variant
2265,1,0.998786,0.998939,-0.000152,Duplication,frameshift variant|intron variant
6024,0,0.004301,0.561577,-0.557276,single nucleotide variant,intron variant
4790,1,0.998287,0.998267,2e-05,Deletion,frameshift variant
2951,1,0.059534,0.562427,-0.502893,single nucleotide variant,nonsense
2565,0,0.027781,0.424085,-0.396304,single nucleotide variant,missense variant|non-coding transcript variant
3342,1,0.998051,0.99808,-3e-05,Deletion,frameshift variant
4941,1,0.999187,0.999175,1.2e-05,Deletion,frameshift variant
3806,1,0.998636,0.998651,-1.5e-05,Deletion,frameshift variant
2564,1,0.027781,0.424085,-0.396304,single nucleotide variant,nonsense|non-coding transcript variant
456,1,0.823502,0.997928,-0.174425,Deletion,frameshift variant|non-coding transcript variant
3690,1,0.545127,0.562193,-0.017065,single nucleotide variant,nonsense
2667,1,0.998602,0.999176,-0.000574,Insertion,frameshift variant|non-coding transcript variant
1186,1,0.998016,0.998027,-1.1e-05,Deletion,frameshift variant|intron variant
3135,1,0.563376,0.562328,0.001048,single nucleotide variant,splice acceptor variant
1092,1,0.420314,0.424037,-0.003723,single nucleotide variant,nonsense|intron variant
1381,1,0.941866,0.942076,-0.00021,Microsatellite,frameshift variant|intron variant
5251,1,0.999224,0.999246,-2.2e-05,Deletion,frameshift variant
926,1,0.998046,0.998207,-0.000161,Duplication,frameshift variant|intron variant
2325,1,0.997834,0.997924,-9e-05,Deletion,frameshift variant|intron variant
3126,1,0.999071,0.99925,-0.000179,Insertion,frameshift variant
5229,1,0.561181,0.56195,-0.000769,single nucleotide variant,nonsense
902,1,0.997788,0.997924,-0.000136,Deletion,frameshift variant|intron variant
2590,1,0.997923,0.997922,1e-06,Deletion,frameshift variant|non-coding transcript variant
464,1,0.087275,0.423943,-0.336668,single nucleotide variant,nonsense|non-coding transcript variant
1250,1,0.997889,0.997888,1e-06,Deletion,frameshift variant|intron variant
5688,1,0.998873,0.999099,-0.000226,Indel,frameshift variant
6145,1,0.998831,0.998888,-5.7e-05,Deletion,frameshift variant
4797,1,0.999246,0.99925,-4e-06,Insertion,frameshift variant
3826,1,0.553468,0.562186,-0.008718,single nucleotide variant,nonsense
3102,1,0.997005,0.999176,-0.00217,Deletion,frameshift variant
5203,1,0.998224,0.998202,2.2e-05,Deletion,frameshift variant
5416,0,0.005818,0.5619,-0.556082,single nucleotide variant,intron variant
5461,1,0.999187,0.99922,-3.4e-05,Duplication,frameshift variant
3534,0,0.565705,0.562238,0.003466,single nucleotide variant,missense variant
1907,1,0.998845,0.998872,-2.6e-05,Insertion,nonsense|intron variant
5598,1,0.952446,0.999246,-0.0468,Deletion,
2599,1,0.997913,0.997922,-9e-06,Deletion,frameshift variant|non-coding transcript variant
801,1,0.162191,0.999125,-0.836934,Insertion,frameshift variant|non-coding transcript variant
3676,1,0.997648,0.999175,-0.001527,Deletion,frameshift variant
871,1,0.996754,0.997888,-0.001134,Deletion,frameshift variant|non-coding transcript variant
5610,0,0.004924,0.561836,-0.556912,single nucleotide variant,intron variant
2490,1,0.932964,0.998939,-0.065974,Duplication,frameshift variant|non-coding transcript variant
297,0,0.006647,0.423916,-0.417269,single nucleotide variant,intron variant
5005,1,0.999429,0.999423,6e-06,Duplication,frameshift variant
1658,1,0.997589,0.997549,4e-05,Deletion,frameshift variant|nonsense|intron variant
3377,1,0.556521,0.562245,-0.005724,single nucleotide variant,nonsense
151,0,0.068236,0.423878,-0.355642,single nucleotide variant,intron variant
2232,1,0.99888,0.998872,9e-06,Insertion,intron variant|frameshift variant
3625,1,0.999053,0.999175,-0.000122,Deletion,frameshift variant
5162,0,0.005963,0.561999,-0.556036,single nucleotide variant,intron variant
676,1,0.997637,0.997891,-0.000254,Deletion,frameshift variant|non-coding transcript variant
351,1,0.407126,0.423928,-0.016802,single nucleotide variant,missense variant|non-coding transcript variant
4767,1,0.998569,0.998564,5e-06,Deletion,frameshift variant
122,1,0.395673,0.423872,-0.028199,single nucleotide variant,nonsense|non-coding transcript variant|intron variant
1467,1,0.998771,0.998872,-0.000101,Insertion,frameshift variant|intron variant
905,1,0.997697,0.997924,-0.000227,Deletion,intron variant|frameshift variant
1552,1,0.995445,0.995408,3.7e-05,Deletion,frameshift variant|intron variant
4935,1,0.996191,0.996158,3.3e-05,Microsatellite,frameshift variant
3846,1,0.522284,0.562185,-0.039901,single nucleotide variant,nonsense
5672,1,0.998765,0.999174,-0.000409,Deletion,frameshift variant
5894,1,0.999425,0.999423,2e-06,Duplication,frameshift variant
3127,1,0.444835,0.562332,-0.117496,single nucleotide variant,nonsense
5631,0,0.002466,0.346174,-0.343708,Deletion,intron variant
4414,1,0.999446,0.999442,5e-06,Indel,frameshift variant
5243,1,0.999222,0.999246,-2.4e-05,Deletion,frameshift variant
2940,0,0.004311,0.562433,-0.558122,single nucleotide variant,intron variant
1273,1,0.997936,0.997924,1.2e-05,Deletion,intron variant|frameshift variant
4761,1,0.561849,0.562144,-0.000295,single nucleotide variant,nonsense
376,1,0.252929,0.423928,-0.171,single nucleotide variant,missense variant|non-coding transcript variant
5316,1,0.522858,0.561931,-0.039073,single nucleotide variant,nonsense
3624,1,0.999196,0.999204,-8e-06,Duplication,frameshift variant
4643,1,0.560874,0.562149,-0.001275,single nucleotide variant,nonsense
5375,1,0.998716,0.998709,7e-06,Microsatellite,frameshift variant
5728,1,0.999357,0.999362,-5e-06,Duplication,frameshift variant
946,1,0.997888,0.997888,0.0,Deletion,frameshift variant|intron variant
1223,1,0.998773,0.998939,-0.000166,Duplication,frameshift variant|intron variant
2852,1,0.996415,0.997882,-0.001467,Deletion,frameshift variant|5 prime UTR variant|non-coding transcript variant
2124,1,0.997756,0.997869,-0.000114,Duplication,frameshift variant|intron variant
6081,0,0.005054,0.561465,-0.556411,single nucleotide variant,intron variant
5385,1,0.99943,0.999423,8e-06,Duplication,frameshift variant
672,1,0.345481,0.423977,-0.078496,single nucleotide variant,nonsense|non-coding transcript variant
2759,1,0.941088,0.941919,-0.000831,Microsatellite,frameshift variant|nonsense|non-coding transcript variant|intron variant
5155,0,0.004301,0.562019,-0.557718,single nucleotide variant,intron variant
138,1,0.364261,0.423872,-0.059611,single nucleotide variant,nonsense|non-coding transcript variant|intron variant
4766,1,0.561607,0.562144,-0.000537,single nucleotide variant,nonsense
1963,0,0.940424,0.940127,0.000296,Microsatellite,inframe_indel|inframe_deletion|intron variant
1254,1,0.997943,0.997924,1.9e-05,Deletion,intron variant|frameshift variant
4065,1,0.997474,0.999363,-0.001889,Duplication,nonsense
52,1,0.412024,0.423859,-0.011834,single nucleotide variant,nonsense|3 prime UTR variant|non-coding transcript variant
5709,0,0.53068,0.561744,-0.031064,single nucleotide variant,intron variant
3278,1,0.999285,0.99927,1.5e-05,Deletion,frameshift variant
3358,1,0.999157,0.99927,-0.000113,Deletion,frameshift variant
5695,1,0.993049,0.999423,-0.006373,Duplication,frameshift variant
260,1,0.995505,0.99566,-0.000154,Microsatellite,frameshift variant|non-coding transcript variant
1379,1,0.418328,0.424039,-0.005711,single nucleotide variant,nonsense|intron variant
1079,1,0.998334,0.998565,-0.00023,Indel,intron variant|frameshift variant
3771,1,0.999195,0.99927,-7.5e-05,Deletion,frameshift variant
3044,0,0.345153,0.562398,-0.217245,single nucleotide variant,intron variant
2025,1,0.99559,0.995691,-0.000102,Deletion,frameshift variant|intron variant
769,1,0.998694,0.998873,-0.000179,Insertion,frameshift variant|non-coding transcript variant
928,1,0.997799,0.997888,-8.9e-05,Deletion,frameshift variant|intron variant
4970,1,0.997241,0.997292,-5.1e-05,Deletion,frameshift variant
925,1,0.998663,0.998872,-0.000209,Insertion,frameshift variant|intron variant
3682,1,0.168229,0.562193,-0.393965,single nucleotide variant,nonsense
460,1,0.987973,0.997928,-0.009955,Deletion,frameshift variant|non-coding transcript variant
4282,1,0.999303,0.999304,-0.0,Duplication,frameshift variant
723,0,0.006446,0.423987,-0.417541,single nucleotide variant,intron variant
395,0,0.018563,0.423935,-0.405371,single nucleotide variant,intron variant
3352,1,0.999258,0.99927,-1.2e-05,Deletion,frameshift variant
2963,1,0.290953,0.562426,-0.271474,single nucleotide variant,nonsense
2357,1,0.319772,0.424048,-0.104275,single nucleotide variant,nonsense|intron variant
2355,1,0.997294,0.997888,-0.000594,Deletion,frameshift variant|intron variant
724,0,0.006447,0.423988,-0.417541,single nucleotide variant,intron variant
1241,1,0.421666,0.424038,-0.002371,single nucleotide variant,nonsense|intron variant
2485,0,0.006533,0.424067,-0.417534,single nucleotide variant,intron variant
5950,1,0.998155,0.998114,4.1e-05,Deletion,frameshift variant
1910,1,0.998924,0.998939,-1.5e-05,Duplication,frameshift variant|intron variant
3673,1,0.998886,0.998954,-6.8e-05,Deletion,frameshift variant
4686,1,0.998679,0.99889,-0.000211,Deletion,frameshift variant
4543,1,0.999386,0.999383,3e-06,Insertion,frameshift variant
3218,1,0.999159,0.999175,-1.7e-05,Deletion,frameshift variant
5659,0,0.00508,0.561752,-0.556672,single nucleotide variant,intron variant
2159,1,0.998087,0.998206,-0.000119,Duplication,frameshift variant|intron variant
1274,1,0.887477,0.886833,0.000644,Duplication,frameshift variant|intron variant
483,1,0.091525,0.423955,-0.33243,single nucleotide variant,intron variant
1833,1,0.407628,0.424043,-0.016414,single nucleotide variant,intron variant|nonsense
40,1,0.997941,0.997931,9e-06,Deletion,frameshift variant|3 prime UTR variant|non-coding transcript variant
2326,1,0.99735,0.997389,-3.9e-05,Deletion,frameshift variant|intron variant
1096,0,0.415533,0.424037,-0.008504,single nucleotide variant,synonymous variant|intron variant
2353,1,0.998635,0.998939,-0.000304,Duplication,frameshift variant|nonsense|intron variant
3578,0,0.006027,0.562229,-0.556203,single nucleotide variant,intron variant
4988,1,0.998989,0.999171,-0.000182,Microsatellite,nonsense
1167,1,0.99739,0.99755,-0.000159,Deletion,frameshift variant|intron variant
1227,1,0.997557,0.997924,-0.000367,Deletion,intron variant|frameshift variant
2721,0,0.006467,0.424117,-0.41765,single nucleotide variant,intron variant
4682,1,0.998894,0.99889,3e-06,Deletion,frameshift variant
600,1,0.996787,0.997552,-0.000765,Deletion,frameshift variant|non-coding transcript variant
4379,1,0.999368,0.999363,6e-06,Duplication,frameshift variant
227,1,0.957448,0.9974,-0.039952,Deletion,frameshift variant|non-coding transcript variant
4610,1,0.558098,0.56215,-0.004052,single nucleotide variant,nonsense
4885,1,0.999258,0.99925,8e-06,Insertion,frameshift variant
3144,1,0.999227,0.99925,-2.3e-05,Insertion,frameshift variant
2825,1,0.99757,0.998678,-0.001108,Duplication,frameshift variant|non-coding transcript variant|5 prime UTR variant
2977,1,0.998848,0.998868,-2e-05,Deletion,frameshift variant
4040,1,0.998555,0.998533,2.2e-05,Deletion,frameshift variant
5643,0,0.00508,0.561771,-0.556691,single nucleotide variant,intron variant
4087,1,0.983707,0.998138,-0.014431,Deletion,frameshift variant
1905,1,0.422255,0.424043,-0.001788,single nucleotide variant,nonsense|intron variant
3287,1,0.999165,0.999175,-1.1e-05,Deletion,frameshift variant
4364,1,0.998888,0.99889,-2e-06,Deletion,frameshift variant
291,0,0.006569,0.423914,-0.417345,single nucleotide variant,intron variant
505,0,0.424809,0.423956,0.000854,single nucleotide variant,missense variant|non-coding transcript variant
159,1,0.317969,0.423879,-0.10591,single nucleotide variant,missense variant|non-coding transcript variant
2870,0,0.044146,0.360618,-0.316472,Microsatellite,intron variant
6220,0,0.004327,0.561381,-0.557054,single nucleotide variant,intron variant
5099,0,0.007757,0.562067,-0.554311,single nucleotide variant,intron variant
829,0,0.006463,0.424025,-0.417562,single nucleotide variant,intron variant
5188,1,0.199147,0.999348,-0.800201,Insertion,frameshift variant
5360,1,0.999386,0.999423,-3.6e-05,Duplication,frameshift variant
6106,1,0.936567,0.999173,-0.062607,Deletion,frameshift variant
1948,1,0.99887,0.998872,-2e-06,Insertion,intron variant|nonsense
25,1,0.993645,0.997739,-0.004094,Deletion,frameshift variant|3 prime UTR variant|non-coding transcript variant
589,1,0.006445,0.423969,-0.417524,single nucleotide variant,missense variant|non-coding transcript variant
5778,0,0.005441,0.561698,-0.556257,single nucleotide variant,intron variant
4613,1,0.999265,0.999269,-4e-06,Deletion,frameshift variant
1269,1,0.997897,0.997888,9e-06,Deletion,frameshift variant|intron variant
2856,1,0.997897,0.997945,-4.8e-05,Deletion,frameshift variant|5 prime UTR variant|non-coding transcript variant
3193,0,0.007039,0.562286,-0.555247,single nucleotide variant,intron variant
4945,1,0.563844,0.562138,0.001706,single nucleotide variant,nonsense
1784,1,0.998932,0.998925,7e-06,Duplication,frameshift variant|intron variant
1542,1,0.99694,0.996985,-4.5e-05,Duplication,frameshift variant|intron variant
5635,0,0.005079,0.561788,-0.556709,single nucleotide variant,intron variant
2705,0,0.006459,0.424107,-0.417649,single nucleotide variant,intron variant
4323,1,0.999417,0.999423,-6e-06,Duplication,frameshift variant
1856,1,0.998862,0.998872,-1e-05,Insertion,intron variant|frameshift variant
1451,1,0.997738,0.997766,-2.8e-05,Deletion,frameshift variant|intron variant
1832,1,0.998805,0.998925,-0.00012,Duplication,frameshift variant|intron variant
848,1,0.868827,0.995693,-0.126866,Deletion,frameshift variant|nonsense|non-coding transcript variant
869,1,0.870592,0.942086,-0.071495,Microsatellite,frameshift variant|nonsense|non-coding transcript variant
3123,1,0.996707,0.999276,-0.002569,Deletion,frameshift variant
2129,1,0.997893,0.997888,5e-06,Deletion,frameshift variant|intron variant
1468,1,0.998928,0.998939,-1.1e-05,Duplication,nonsense|intron variant
3250,1,0.999409,0.999402,7e-06,Duplication,frameshift variant
1701,1,0.997775,0.997766,9e-06,Deletion,frameshift variant|intron variant
4106,1,0.997755,0.997964,-0.000209,Deletion,frameshift variant
